{
  "WindowLeft": 958.4000000000001,
  "WindowTop": 100,
  "WindowWidth": 477.6,
  "WindowHeight": 358.40000000000003,
  "SelectedCameraName": "Remote Desktop Camera Bus",
  "SelectedResolution": "800x600"
}